"category","text"
"sport","The header changed the whole picture. Everyone was talking about the header. The upset proved to be the turning point. All eyes were on the upset. The header was exactly what the day needed. Analysts and fans replayed the header again and again. Both teams pushed hard for the win."
"business","Everyone was talking about the warning. The dividend made the front pages. Revenue and costs were the focus for shareholders. The warning left everyone stunned. The warning was exactly what the day needed."
"sport","All eyes were on the upset. The upset proved to be the turning point. People will remember the header for a long time. The header dominated the conversation afterwards. The upset was exactly what the day needed. The crowd roared from the first whistle to the last."
"business","The downgrade left everyone stunned. Analysts across the sector weighed in. The downgrade changed the whole picture. Analysts and fans replayed the downgrade again and again. In the end it came down to the warning."
"sport","Nobody saw the strike coming. In the end it came down to the win. The atmosphere on the pitch was electric. The win proved to be the turning point. The win left everyone stunned."
"business","Revenue and costs were the focus for shareholders. The deal changed the whole picture. The deal was exactly what the day needed. The deal dominated the conversation afterwards. The deal made the front pages. People will remember the loss for a long time. All eyes were on the loss."
"sport","The equaliser proved to be the turning point. Everyone was talking about the equaliser. Nobody saw the equaliser coming. The crowd roared from the first whistle to the last. People will remember the header for a long time."
"business","Analysts and fans replayed the upgrade again and again. The forecast dominated the conversation afterwards. The forecast proved to be the turning point. The forecast was exactly what the day needed. The upgrade changed the whole picture. Revenue and costs were the focus for shareholders. Shares swung wildly before the closing bell. The upgrade made the front pages."
"business","The rally made the front pages. All eyes were on the rally. Nobody saw the quarter coming. Shares swung wildly before the closing bell. The rally proved to be the turning point."
"business","The mood among investors stayed cautious. People will remember the merger for a long time. The report changed the whole picture. Analysts and fans replayed the merger again and again. All eyes were on the merger. In the end it came down to the report. Nobody saw the report coming."
"business","Traders watched the screens nervously all day. The report dominated the conversation afterwards. The takeover proved to be the turning point. The report made the front pages. Everyone was talking about the report. Analysts and fans replayed the report again and again. People will remember the takeover for a long time."
"business","Everyone was talking about the upgrade. The forecast made the front pages. Nobody saw the upgrade coming. It was a volatile session on the stock market. People will remember the upgrade for a long time. The forecast left everyone stunned."
"business","People will remember the selloff for a long time. The result dominated the conversation afterwards. In the end it came down to the result. It was a volatile session on the stock market. The selloff left everyone stunned. The company briefed reporters at its headquarters. Everyone was talking about the result. The result made the front pages."
"sport","The win proved to be the turning point. People will remember the victory for a long time. The victory was exactly what the day needed. The win dominated the conversation afterwards. The victory left everyone stunned. The crowd roared from the first whistle to the last."
"sport","It was a tense afternoon at the stadium. The run dominated the conversation afterwards. Nobody saw the run coming. Everyone was talking about the finish. The run was exactly what the day needed."
"business","Everyone was talking about the profit. Nobody saw the profit coming. The mood among investors stayed cautious. The profit proved to be the turning point. The forecast left everyone stunned."
"sport","Players celebrated in front of the away fans. The upset proved to be the turning point. Analysts and fans replayed the upset again and again. The upset changed the whole picture. In the end it came down to the tackle."
"business","The quarter dominated the conversation afterwards. People will remember the quarter for a long time. Nobody saw the downgrade coming. Everyone was talking about the quarter. Shares swung wildly before the closing bell. In the end it came down to the quarter."
"business","Analysts and fans replayed the dividend again and again. People will remember the dividend for a long time. Everyone was talking about the dividend. Nobody saw the merger coming. All eyes were on the dividend. It was a volatile session on the stock market. In the end it came down to the merger."
"sport","Analysts and fans replayed the tackle again and again. The tackle was exactly what the day needed. The upset dominated the conversation afterwards. The tackle changed the whole picture. The crowd roared from the first whistle to the last. Nobody saw the upset coming."
"sport","Both teams pushed hard for the win. All eyes were on the run. People will remember the tackle for a long time. It was a tense afternoon at the stadium. The tackle made the front pages. The tackle dominated the conversation afterwards. Analysts and fans replayed the run again and again."
"business","The mood among investors stayed cautious. The downgrade was exactly what the day needed. The takeover made the front pages. Analysts and fans replayed the downgrade again and again. The downgrade left everyone stunned."
"sport","The strike changed the whole picture. Analysts and fans replayed the strike again and again. People will remember the strike for a long time. The manager called it the best game of the season. The strike dominated the conversation afterwards. Everyone was talking about the penalty. The penalty proved to be the turning point."
"business","Everyone was talking about the merger. The forecast left everyone stunned. Nobody saw the forecast coming. The forecast proved to be the turning point. Analysts across the sector weighed in. The merger was exactly what the day needed. It was a volatile session on the stock market. The forecast made the front pages."
"business","The profit made the front pages. Analysts and fans replayed the profit again and again. The mood among investors stayed cautious. The deal dominated the conversation afterwards. The profit changed the whole picture."
"business","Nobody saw the rally coming. People will remember the merger for a long time. The rally changed the whole picture. It was a volatile session on the stock market. The rally made the front pages. Analysts and fans replayed the rally again and again."
"business","The report made the front pages. The report proved to be the turning point. Nobody saw the result coming. The report changed the whole picture. Traders watched the screens nervously all day. Analysts and fans replayed the result again and again. It was a volatile session on the stock market."
"sport","The save was exactly what the day needed. The atmosphere on the pitch was electric. People will remember the strike for a long time. Supporters travelled in their thousands for the match. The strike left everyone stunned. Everyone was talking about the save. The strike changed the whole picture. Both teams pushed hard for the win."
"sport","Analysts and fans replayed the equaliser again and again. The header dominated the conversation afterwards. The header made the front pages. Nobody saw the equaliser coming. Everyone was talking about the equaliser. It was a tense afternoon at the stadium. All eyes were on the header. Players celebrated in front of the away fans."
"business","Analysts across the sector weighed in. All eyes were on the profit. The takeover left everyone stunned. Analysts and fans replayed the takeover again and again. Everyone was talking about the profit. The profit changed the whole picture."
"business","The mood among investors stayed cautious. Everyone was talking about the downgrade. In the end it came down to the warning. The warning made the front pages. Analysts and fans replayed the warning again and again."
"sport","The manager called it the best game of the season. The equaliser was exactly what the day needed. The header dominated the conversation afterwards. In the end it came down to the equaliser. People will remember the equaliser for a long time. The header made the front pages. Nobody saw the equaliser coming."
"sport","Everyone was talking about the save. The run left everyone stunned. The save dominated the conversation afterwards. People will remember the save for a long time. The atmosphere on the pitch was electric. Analysts and fans replayed the save again and again."
"sport","The penalty changed the whole picture. Analysts and fans replayed the run again and again. All eyes were on the run. The manager called it the best game of the season. The run left everyone stunned. Everyone was talking about the penalty."
"business","It was a volatile session on the stock market. People will remember the dividend for a long time. Analysts and fans replayed the dividend again and again. The dividend changed the whole picture. Everyone was talking about the dividend. The loss made the front pages."
"business","Nobody saw the deal coming. The company briefed reporters at its headquarters. People will remember the deal for a long time. Everyone was talking about the deal. Analysts and fans replayed the downgrade again and again. The downgrade was exactly what the day needed."
"sport","The save was exactly what the day needed. People will remember the save for a long time. All eyes were on the victory. It was a tense afternoon at the stadium. The victory proved to be the turning point. The save made the front pages. Analysts and fans replayed the save again and again."
"business","The merger proved to be the turning point. The mood among investors stayed cautious. People will remember the result for a long time. Everyone was talking about the result. The result was exactly what the day needed. Analysts and fans replayed the result again and again."
"business","Nobody saw the report coming. Everyone was talking about the takeover. Analysts across the sector weighed in. The takeover made the front pages. The report left everyone stunned. The report was exactly what the day needed."
"sport","The comeback changed the whole picture. The comeback left everyone stunned. Supporters travelled in their thousands for the match. All eyes were on the comeback. The equaliser was exactly what the day needed."
"sport","Supporters travelled in their thousands for the match. Everyone was talking about the run. People will remember the equaliser for a long time. The equaliser changed the whole picture. Analysts and fans replayed the equaliser again and again. Nobody saw the equaliser coming. The atmosphere on the pitch was electric. The run made the front pages."
"sport","In the end it came down to the penalty. The penalty left everyone stunned. The penalty made the front pages. All eyes were on the comeback. Players celebrated in front of the away fans."
"sport","All eyes were on the header. Nobody saw the tackle coming. The header was exactly what the day needed. The tackle left everyone stunned. Players celebrated in front of the away fans. People will remember the tackle for a long time. The header proved to be the turning point."
"sport","Analysts and fans replayed the header again and again. The atmosphere on the pitch was electric. The strike made the front pages. The strike proved to be the turning point. All eyes were on the header. The header changed the whole picture."
"sport","In the end it came down to the equaliser. The run proved to be the turning point. The run was exactly what the day needed. Nobody saw the run coming. Players celebrated in front of the away fans."
"business","The takeover was exactly what the day needed. Analysts and fans replayed the takeover again and again. The mood among investors stayed cautious. The upgrade left everyone stunned. The takeover proved to be the turning point. The takeover changed the whole picture. Everyone was talking about the upgrade."
"sport","All eyes were on the header. Analysts and fans replayed the penalty again and again. Everyone was talking about the header. The atmosphere on the pitch was electric. The header was exactly what the day needed. Nobody saw the header coming."
"sport","Analysts and fans replayed the save again and again. The crowd roared from the first whistle to the last. The save was exactly what the day needed. In the end it came down to the save. All eyes were on the upset."
"sport","Everyone was talking about the run. Supporters travelled in their thousands for the match. The finish changed the whole picture. People will remember the finish for a long time. The run proved to be the turning point. All eyes were on the run. The crowd roared from the first whistle to the last."
"sport","Nobody saw the goal coming. The goal changed the whole picture. The goal dominated the conversation afterwards. In the end it came down to the strike. It was a tense afternoon at the stadium."
"sport","The crowd roared from the first whistle to the last. The finish dominated the conversation afterwards. Everyone was talking about the finish. Nobody saw the equaliser coming. The finish was exactly what the day needed."
"business","Revenue and costs were the focus for shareholders. In the end it came down to the rally. Nobody saw the rally coming. People will remember the takeover for a long time. Traders watched the screens nervously all day. Analysts and fans replayed the takeover again and again. The rally proved to be the turning point."
"business","The loss was exactly what the day needed. The rally proved to be the turning point. All eyes were on the rally. The rally made the front pages. Everyone was talking about the rally. Analysts across the sector weighed in."
"sport","People will remember the victory for a long time. The save proved to be the turning point. Analysts and fans replayed the victory again and again. The victory left everyone stunned. The atmosphere on the pitch was electric."
"sport","Both teams pushed hard for the win. In the end it came down to the comeback. The comeback dominated the conversation afterwards. The strike made the front pages. People will remember the strike for a long time. Everyone was talking about the strike. The strike left everyone stunned."
"sport","People will remember the equaliser for a long time. The atmosphere on the pitch was electric. Nobody saw the performance coming. All eyes were on the equaliser. The equaliser changed the whole picture."
"business","Nobody saw the forecast coming. Shares swung wildly before the closing bell. The forecast made the front pages. Analysts and fans replayed the rally again and again. In the end it came down to the forecast."
"business","Analysts and fans replayed the takeover again and again. All eyes were on the downgrade. In the end it came down to the downgrade. The takeover made the front pages. It was a volatile session on the stock market. The takeover changed the whole picture. Nobody saw the takeover coming."
"business","Everyone was talking about the rally. People will remember the rally for a long time. Analysts and fans replayed the report again and again. The report made the front pages. The report changed the whole picture. The company briefed reporters at its headquarters. Shares swung wildly before the closing bell. All eyes were on the rally."
"business","The upgrade changed the whole picture. Nobody saw the upgrade coming. The company briefed reporters at its headquarters. In the end it came down to the merger. People will remember the upgrade for a long time."
"business","People will remember the result for a long time. The result dominated the conversation afterwards. In the end it came down to the warning. All eyes were on the warning. The company briefed reporters at its headquarters. The warning made the front pages. The mood among investors stayed cautious. Nobody saw the warning coming."
"business","People will remember the upgrade for a long time. Traders watched the screens nervously all day. Nobody saw the warning coming. The warning left everyone stunned. Everyone was talking about the warning. The upgrade was exactly what the day needed."
"sport","Analysts and fans replayed the tackle again and again. Supporters travelled in their thousands for the match. The tackle changed the whole picture. Both teams pushed hard for the win. All eyes were on the victory. The tackle proved to be the turning point. Players celebrated in front of the away fans. The victory left everyone stunned."
"sport","It was a tense afternoon at the stadium. Everyone was talking about the save. The save left everyone stunned. In the end it came down to the save. The victory proved to be the turning point. The victory was exactly what the day needed."
"business","All eyes were on the profit. People will remember the profit for a long time. The profit made the front pages. The mood among investors stayed cautious. Analysts and fans replayed the upgrade again and again."
"sport","All eyes were on the header. In the end it came down to the header. Nobody saw the header coming. People will remember the tackle for a long time. Supporters travelled in their thousands for the match."
"sport","The tackle changed the whole picture. The goal dominated the conversation afterwards. It was a tense afternoon at the stadium. The tackle was exactly what the day needed. Everyone was talking about the tackle."
"sport","The penalty changed the whole picture. Analysts and fans replayed the penalty again and again. The penalty left everyone stunned. Both teams pushed hard for the win. The strike was exactly what the day needed. Nobody saw the penalty coming."
"business","The quarter changed the whole picture. The quarter was exactly what the day needed. In the end it came down to the quarter. All eyes were on the report. Analysts across the sector weighed in. The quarter dominated the conversation afterwards. Traders watched the screens nervously all day. The report left everyone stunned."
"business","The loss proved to be the turning point. The loss made the front pages. The quarter was exactly what the day needed. All eyes were on the quarter. In the end it came down to the quarter. Analysts across the sector weighed in. The loss dominated the conversation afterwards. Shares swung wildly before the closing bell."
"business","The deal dominated the conversation afterwards. Revenue and costs were the focus for shareholders. The deal changed the whole picture. Everyone was talking about the takeover. Analysts and fans replayed the takeover again and again. The deal made the front pages. The deal was exactly what the day needed."
"business","The downgrade was exactly what the day needed. Shares swung wildly before the closing bell. In the end it came down to the loss. The downgrade dominated the conversation afterwards. Analysts and fans replayed the loss again and again. Revenue and costs were the focus for shareholders. The loss changed the whole picture."
"sport","Nobody saw the penalty coming. People will remember the penalty for a long time. The penalty left everyone stunned. It was a tense afternoon at the stadium. The atmosphere on the pitch was electric. The win dominated the conversation afterwards. Supporters travelled in their thousands for the match. The win changed the whole picture."
"sport","The save left everyone stunned. Players celebrated in front of the away fans. The victory dominated the conversation afterwards. Analysts and fans replayed the victory again and again. The victory made the front pages. The victory was exactly what the day needed. All eyes were on the save."
"business","The downgrade proved to be the turning point. Nobody saw the quarter coming. The downgrade changed the whole picture. The downgrade made the front pages. Traders watched the screens nervously all day. Revenue and costs were the focus for shareholders. People will remember the quarter for a long time. The quarter dominated the conversation afterwards."
"business","Nobody saw the takeover coming. The takeover left everyone stunned. Everyone was talking about the profit. Analysts and fans replayed the takeover again and again. In the end it came down to the profit. The profit was exactly what the day needed. The mood among investors stayed cautious."
"business","Traders watched the screens nervously all day. Revenue and costs were the focus for shareholders. The forecast was exactly what the day needed. The report changed the whole picture. People will remember the report for a long time. The forecast dominated the conversation afterwards. The company briefed reporters at its headquarters. Analysts and fans replayed the forecast again and again."
"sport","The crowd roared from the first whistle to the last. All eyes were on the victory. The victory was exactly what the day needed. Analysts and fans replayed the comeback again and again. The comeback proved to be the turning point. The victory left everyone stunned."
"business","Everyone was talking about the report. The merger proved to be the turning point. People will remember the report for a long time. The company briefed reporters at its headquarters. The merger left everyone stunned. The report made the front pages. Traders watched the screens nervously all day. The merger was exactly what the day needed."
"sport","The equaliser left everyone stunned. People will remember the equaliser for a long time. Players celebrated in front of the away fans. Everyone was talking about the run. The run dominated the conversation afterwards. The run was exactly what the day needed. The run changed the whole picture."
"sport","The tackle changed the whole picture. In the end it came down to the tackle. The victory was exactly what the day needed. All eyes were on the victory. Analysts and fans replayed the tackle again and again. The tackle dominated the conversation afterwards. Supporters travelled in their thousands for the match."
"business","It was a volatile session on the stock market. People will remember the deal for a long time. Analysts and fans replayed the deal again and again. The loss proved to be the turning point. Nobody saw the deal coming."
"sport","The goal proved to be the turning point. The goal was exactly what the day needed. Everyone was talking about the strike. In the end it came down to the goal. The manager called it the best game of the season. All eyes were on the strike. The goal dominated the conversation afterwards."
"sport","The victory dominated the conversation afterwards. People will remember the victory for a long time. The atmosphere on the pitch was electric. In the end it came down to the victory. All eyes were on the victory. The performance proved to be the turning point."
"business","People will remember the dividend for a long time. All eyes were on the takeover. The dividend proved to be the turning point. Analysts and fans replayed the takeover again and again. The dividend changed the whole picture. The takeover was exactly what the day needed. Analysts across the sector weighed in."
"sport","Everyone was talking about the result. Supporters travelled in their thousands for the match. The win changed the whole picture. The win left everyone stunned. The result dominated the conversation afterwards. All eyes were on the win."
"business","The result made the front pages. Everyone was talking about the result. The company briefed reporters at its headquarters. People will remember the result for a long time. Analysts and fans replayed the result again and again. The dividend was exactly what the day needed."
"business","The forecast changed the whole picture. The company briefed reporters at its headquarters. The quarter left everyone stunned. The forecast was exactly what the day needed. The quarter made the front pages. The forecast dominated the conversation afterwards."
"sport","The victory made the front pages. Analysts and fans replayed the finish again and again. Both teams pushed hard for the win. In the end it came down to the victory. Everyone was talking about the finish. The manager called it the best game of the season. The victory dominated the conversation afterwards. People will remember the finish for a long time."
"sport","People will remember the comeback for a long time. Supporters travelled in their thousands for the match. The tackle made the front pages. Nobody saw the comeback coming. The manager called it the best game of the season. The comeback proved to be the turning point. Analysts and fans replayed the tackle again and again."
"sport","The goal dominated the conversation afterwards. The goal changed the whole picture. The goal was exactly what the day needed. The win proved to be the turning point. Players celebrated in front of the away fans. In the end it came down to the win. The win left everyone stunned. Everyone was talking about the goal."
"sport","The goal made the front pages. The penalty was exactly what the day needed. The goal dominated the conversation afterwards. In the end it came down to the penalty. Both teams pushed hard for the win. All eyes were on the penalty. The penalty left everyone stunned. The goal changed the whole picture."
"sport","The header changed the whole picture. The header made the front pages. In the end it came down to the header. The header dominated the conversation afterwards. Analysts and fans replayed the comeback again and again. It was a tense afternoon at the stadium."
"business","People will remember the dividend for a long time. The dividend dominated the conversation afterwards. The dividend made the front pages. In the end it came down to the takeover. Analysts across the sector weighed in. All eyes were on the dividend. The takeover changed the whole picture."
"business","Nobody saw the loss coming. Analysts and fans replayed the loss again and again. The profit left everyone stunned. The loss made the front pages. In the end it came down to the profit. The mood among investors stayed cautious. The company briefed reporters at its headquarters."
"sport","Analysts and fans replayed the equaliser again and again. The penalty dominated the conversation afterwards. Players celebrated in front of the away fans. The equaliser was exactly what the day needed. The equaliser left everyone stunned. The penalty made the front pages. The atmosphere on the pitch was electric."
"business","All eyes were on the selloff. It was a volatile session on the stock market. The profit proved to be the turning point. In the end it came down to the profit. The profit changed the whole picture."
"sport","It was a tense afternoon at the stadium. The strike proved to be the turning point. The strike dominated the conversation afterwards. The strike was exactly what the day needed. People will remember the strike for a long time. Nobody saw the result coming. The result made the front pages."
"business","Analysts and fans replayed the merger again and again. All eyes were on the merger. The company briefed reporters at its headquarters. Everyone was talking about the warning. Nobody saw the warning coming. In the end it came down to the warning. The warning made the front pages."
"business","The warning dominated the conversation afterwards. People will remember the warning for a long time. The warning left everyone stunned. The warning changed the whole picture. Revenue and costs were the focus for shareholders. All eyes were on the merger."
